<?xml version="1.0" encoding="UTF-8"?>
<!DOCTYPE suite SYSTEM "http://testng.org/testng-1.0.dtd">
<suite name="Selenium Assignment Test Automation Test Suite">

	<listeners>
		<listener class-name="com.qa.ExtentReportListener.ExtentReporterNG" />
	</listeners>


	<test name="Assignment Test Cases">
		<classes>
			<class name="com.crm.qa.testcases.DragAndDropPageTest"></class>
			<class name="com.crm.qa.testcases.DropDownPageTest"></class>
			<class name="com.crm.qa.testcases.SampleFormPageTest"></class>

		</classes>
	</test>
</suite>